{
	"class_name" : "PinholeCameraParameters",
	"extrinsic" : 
	[
		-0.87844396840742944,
		-0.089123021060872887,
		-0.46946062825927193,
		0.0,
		0.46986729609602096,
		0.017673724297923063,
		-0.88256011893176733,
		0.0,
		0.086953541779626484,
		-0.99586380925627804,
		0.026350616416974722,
		0.0,
		0.056709744041339279,
		0.3907065016033095,
		0.80934830177663464,
		1.0
	],
	"intrinsic" : 
	{
		"height" : 180,
		"intrinsic_matrix" : 
		[
			155.88457268119896,
			0.0,
			0.0,
			0.0,
			155.88457268119896,
			0.0,
			159.5,
			89.5,
			1.0
		],
		"width" : 320
	},
	"version_major" : 1,
	"version_minor" : 0
}